1,1873232602322231298,1.5,Thu Jan 09 17:03:28 CST 2025
1873232602322231298,如何学习 Python,["Python","编程","学习"]
1873232602322231299,JavaScript 高级编程技巧,["JavaScript", "编程", "前端"]
1873232602322231300,数据结构与算法基础,["数据结构","算法","编程"]
1873232602322231301,前端开发入门,["前端", "开发", "HTML", "CSS"]
1873232602322231302,深入浅出 Node.js,["Node.js", "后端", "JavaScript"]
1873232602322231303,React 入门教程,["React", "前端", "JavaScript"]
1873232602322231304,数据库设计与优化,["数据库","SQL","设计"]
1873232602322231305,Node.js 性能优化,["Node.js", "性能", "优化"]
1873232602322231306,HTML5 新特性,["HTML5", "前端", "开发"]
1873232602322231307,深入理解计算机网络,["计算机网络", "编程", "计算机"]
1873232602322231308,大数据分析与处理,["大数据", "分析", "编程"]
1873232602322231309,CSS3 动画与效果,["CSS3", "前端", "动画"]
1873232602322231310,Git 使用指南,["Git", "工具", "编程"]
1873232602322231311,Java 基础教程,["Java", "编程", "面向对象"]
1873232602322231312,计算机图形学基础,["计算机图形学", "编程", "图形"]
1873232602322231313,Vue.js 快速入门,["Vue.js", "前端", "框架"]
1873232602322231314,Python 网络编程,["Python", "网络编程", "编程"]
1873232602322231315,软件工程实践,["软件工程", "开发", "编程"]
1873232602322231316,机器学习导论,["机器学习", "人工智能", "编程"]
1873232602322231317,TensorFlow 入门,["TensorFlow", "机器学习", "人工智能"]
